ANZSCO,Occupation,manual_telework
100000,Managers nfd,1
111000,"Chief Executives, General Managers and Legislators nfd",1
111111,Chief Executive or Managing Director,1
111200,General Managers nfd,1
111211,Corporate General Manager,1
111212,Defence Force Senior Officer,1
1112,General Managers,1
111300,Legislators nfd,1
111311,Local Government Legislator,1
111312,Member of Parliament,1
111399,Legislators nec,1
1113,Legislators,1
121000,Farmers and Farm Managers nfd,0
121111,Aquaculture Farmer,0
121200,Crop Farmers nfd,0
121211,Cotton Grower,0
121212,Flower Grower,0
121213,Fruit or Nut Grower,0
121214,"Grain, Oilseed or Pasture Grower",0
121215,Grape Grower,0
121216,Mixed Crop Farmer,0
121217,Sugar Cane Grower,0
121218,Turf Grower,0
121221,Vegetable Grower,0
121299,Crop Farmers nec,0
1212,Crop Farmers,0
121300,Livestock Farmers nfd,0
121311,Apiarist,0
121312,Beef Cattle Farmer,0
121313,Dairy Cattle Farmer,0
121314,Deer Farmer,0
121315,Goat Farmer,0
121316,Horse Breeder,0
121317,Mixed Livestock Farmer,0
121318,Pig Farmer,0
121321,Poultry Farmer,0
121322,Sheep Farmer,0
121399,Livestock Farmers nec,0
1213,Livestock Farmers,0
121411,Mixed Crop and Livestock Farmer,0
130000,Specialist Managers nfd,1
131100,"Advertising, Public Relations and Sales Managers nfd",1
131112,Sales and Marketing Manager,1
131113,Advertising Manager,1
131114,Public Relations Manager,1
1311,"Advertising, Public Relations and Sales Managers",1
132000,Business Administration Managers nfd,1
132111,Corporate Services Manager,1
132211,Finance Manager,1
132311,Human Resource Manager,1
132411,Policy and Planning Manager,1
132511,Research and Development Manager,1
133000,"Construction, Distribution and Production Managers nfd",1
133100,Construction Managers nfd,1
133111,Construction Project Manager,1
133112,Project Builder,0
1331,Construction Managers,1
133211,Engineering Manager,1
133300,"Importers, Exporters and Wholesalers nfd",1
133311,Importer or Exporter,1
133312,Wholesaler,1
1333,"Importers, Exporters and Wholesalers",1
133411,Manufacturer,1
133500,Production Managers nfd,1
133511,Production Manager (Forestry),1
133512,Production Manager (Manufacturing),1
133513,Production Manager (Mining),1
1335,Production Managers,1
133600,"Supply, Distribution and Procurement Managers nfd",1
133611,Supply and Distribution Manager,1
133612,Procurement Manager,1
1336,"Supply, Distribution and Procurement Managers",1
134000,"Education, Health and Welfare Services Managers nfd",1
134111,Child Care Centre Manager,0
134200,Health and Welfare Services Managers nfd,1
134211,Medical Administrator,1
134212,Nursing Clinical Director,0
134213,Primary Health Organisation Manager,1
134214,Welfare Centre Manager,1
134299,Health and Welfare Services Managers nec,1
1342,Health and Welfare Services Managers,1
134311,School Principal,1
134400,Other Education Managers nfd,1
134411,Faculty Head,1
134412,Regional Education Manager,1
134499,Education Managers nec,1
1344,Other Education Managers,1
135100,ICT Managers nfd,1
135111,Chief Information Officer,1
135112,ICT Project Manager,1
135199,ICT Managers nec,1
1351,ICT Managers,1
139000,Miscellaneous Specialist Managers nfd,1
139100,Commissioned Officers (Management) nfd,1
139111,Commissioned Defence Force Officer,0
139112,Commissioned Fire Officer,0
139113,Commissioned Police Officer,0
1391,Commissioned Officers (Management),0
139211,Senior Non-commissioned Defence Force Member,0
139900,Other Specialist Managers nfd,1
139911,Arts Administrator or Manager,1
139912,Environmental Manager,1
139913,Laboratory Manager,1
139914,Quality Assurance Manager,1
139915,Sports Administrator,1
139999,Specialist Managers nec,1
1399,Other Specialist Managers,1
140000,"Hospitality, Retail and Service Managers nfd",1
141000,Accommodation and Hospitality Managers nfd,0
141111,Cafe or Restaurant Manager,0
141211,Caravan Park and Camping Ground Manager,0
141311,Hotel or Motel Manager,0
141411,Licensed Club Manager,0
141900,Other Accommodation and Hospitality Managers nfd,0
141911,Bed and Breakfast Operator,0
141912,Retirement Village Manager,0
141999,Accommodation and Hospitality Managers nec,0
1419,Other Accommodation and Hospitality Managers,0
142100,Retail Managers nfd,0
142111,Retail Manager (General),0
142112,Antique Dealer,1
142113,Betting Agency Manager,1
142114,Hair or Beauty Salon Manager,0
142115,Post Office Manager,1
142116,Travel Agency Manager,1
1421,Retail Managers,1
149000,"Miscellaneous Hospitality, Retail and Service Managers nfd",1
149100,"Amusement, Fitness and Sports Centre Managers nfd",0
149111,Amusement Centre Manager,0
149112,Fitness Centre Manager,0
149113,Sports Centre Manager,0
1491,"Amusement, Fitness and Sports Centre Managers",0
149200,Call or Contact Centre and Customer Service Managers nfd,1
149211,Call or Contact Centre Manager,1
149212,Customer Service Manager,1
1492,Call or Contact Centre and Customer Service Managers,1
149311,Conference and Event Organiser,1
149400,Transport Services Managers nfd,1
149411,Fleet Manager,1
149412,Railway Station Manager,0
149413,Transport Company Manager,1
1494,Transport Services Managers,1
149900,"Other Hospitality, Retail and Service Managers nfd",1
149911,Boarding Kennel or Cattery Operator,0
149912,Cinema or Theatre Manager,0
149913,Facilities Manager,1
149914,Financial Institution Branch Manager,1
149915,Equipment Hire Manager,1
149999,"Hospitality, Retail and Service Managers nec",1
1499,"Other Hospitality, Retail and Service Managers",1
200000,Professionals nfd,1
210000,Arts and Media Professionals nfd,1
211000,Arts Professionals nfd,1
211100,"Actors, Dancers and Other Entertainers nfd",0
211111,Actor,0
211112,Dancer or Choreographer,0
211113,Entertainer or Variety Artist,0
211199,"Actors, Dancers and Other Entertainers nec",0
2111,"Actors, Dancers and Other Entertainers",0
211200,Music Professionals nfd,1
211211,Composer,1
211212,Music Director,1
211213,Musician (Instrumental),1
211214,Singer,1
211299,Music Professionals nec,1
2112,Music Professionals,1
211311,Photographer,0
211400,Visual Arts and Crafts Professionals nfd,1
211411,Painter (Visual Arts),1
211412,Potter or Ceramic Artist,1
211413,Sculptor,1
211499,Visual Arts and Crafts Professionals nec,1
2114,Visual Arts and Crafts Professionals,1
212000,Media Professionals nfd,1
212100,"Artistic Directors, and Media Producers and Presenters nfd",1
212111,Artistic Director,1
212112,Media Producer (excluding Video),1
212113,Radio Presenter,1
212114,Television Presenter,1
2121,"Artistic Directors, and Media Producers and Presenters",1
212200,"Authors, and Book and Script Editors nfd",1
212211,Author,1
212212,Book or Script Editor,1
2122,"Authors, and Book and Script Editors",1
212300,"Film, Television, Radio and Stage Directors nfd",0
212311,"Art Director (Film, Television or Stage)",0
212312,"Director (Film, Television, Radio or Stage)",0
212313,Director of Photography,0
212314,Film and Video Editor,1
212315,Program Director (Television or Radio),1
212316,Stage Manager,0
212317,Technical Director,1
212318,Video Producer,1
212399,"Film, Television, Radio and Stage Directors nec",0
2123,"Film, Television, Radio and Stage Directors",0
212400,Journalists and Other Writers nfd,1
212411,Copywriter,1
212412,Newspaper or Periodical Editor,1
212413,Print Journalist,1
212414,Radio Journalist,1
212415,Technical Writer,1
212416,Television Journalist,1
212499,Journalists and Other Writers nec,1
2124,Journalists and Other Writers,1
220000,"Business, Human Resource and Marketing Professionals nfd",1
221000,"Accountants, Auditors and Company Secretaries nfd",1
221100,Accountants nfd,1
221111,Accountant (General),1
221112,Management Accountant,1
221113,Taxation Accountant,1
2211,Accountants,1
221200,"Auditors, Company Secretaries and Corporate Treasurers nfd",1
221211,Company Secretary,1
221212,Corporate Treasurer,1
221213,External Auditor,1
221214,Internal Auditor,1
2212,"Auditors, Company Secretaries and Corporate Treasurers",1
222000,"Financial Brokers and Dealers, and Investment Advisers nfd",1
222100,Financial Brokers nfd,1
222111,Commodities Trader,1
222112,Finance Broker,1
222113,Insurance Broker,1
222199,Financial Brokers nec,1
2221,Financial Brokers,1
222200,Financial Dealers nfd,1
222211,Financial Market Dealer,1
222212,Futures Trader,1
222213,Stockbroking Dealer,1
222299,Financial Dealers nec,1
2222,Financial Dealers,1
222300,Financial Investment Advisers and Managers nfd,1
222311,Financial Investment Adviser,1
222312,Financial Investment Manager,1
2223,Financial Investment Advisers and Managers,1
223000,Human Resource and Training Professionals nfd,1
223100,Human Resource Professionals nfd,1
223111,Human Resource Adviser,1
223112,Recruitment Consultant,1
223113,Workplace Relations Adviser,1
2231,Human Resource Professionals,1
223211,ICT Trainer,1
223311,Training and Development Professional,1
224000,Information and Organisation Professionals nfd,1
224100,"Actuaries, Mathematicians and Statisticians nfd",1
224111,Actuary,1
224112,Mathematician,1
224113,Statistician,1
2241,"Actuaries, Mathematicians and Statisticians",1
224200,"Archivists, Curators and Records Managers nfd",1
224211,Archivist,0
224212,Gallery or Museum Curator,0
224213,Health Information Manager,1
224214,Records Manager,1
2242,"Archivists, Curators and Records Managers",1
224311,Economist,1
224400,Intelligence and Policy Analysts nfd,1
224411,Intelligence Officer,1
224412,Policy Analyst,1
2244,Intelligence and Policy Analysts,1
224500,Land Economists and Valuers nfd,1
224511,Land Economist,1
224512,Valuer,0
2245,Land Economists and Valuers,0
224611,Librarian,1
224700,Management and Organisation Analysts nfd,1
224711,Management Consultant,1
224712,Organisation and Methods Analyst,1
2247,Management and Organisation Analysts,1
224900,Other Information and Organisation Professionals nfd,1
224911,Electorate Officer,1
224912,Liaison Officer,1
224913,Migration Agent,1
224914,Patents Examiner,1
224999,Information and Organisation Professionals nec,1
2249,Other Information and Organisation Professionals,1
225000,"Sales, Marketing and Public Relations Professionals nfd",1
225100,Advertising and Marketing Professionals nfd,1
225111,Advertising Specialist,1
225112,Market Research Analyst,1
225113,Marketing Specialist,1
2251,Advertising and Marketing Professionals,1
225200,ICT Sales Professionals nfd,1
225211,ICT Account Manager,1
225212,ICT Business Development Manager,1
225213,ICT Sales Representative,1
2252,ICT Sales Professionals,1
225311,Public Relations Professional,1
225400,Technical Sales Representatives nfd,0
225411,Sales Representative (Industrial Products),0
225412,Sales Representative (Medical and Pharmaceutical Products),0
225499,Technical Sales Representatives nec,0
2254,Technical Sales Representatives,0
230000,"Design, Engineering, Science and Transport Professionals nfd",1
231000,Air and Marine Transport Professionals nfd,0
231100,Air Transport Professionals nfd,0
231111,Aeroplane Pilot,0
231112,Air Traffic Controller,1
231113,Flying Instructor,0
231114,Helicopter Pilot,0
231199,Air Transport Professionals nec,0
2311,Air Transport Professionals,0
231200,Marine Transport Professionals nfd,0
231211,Master Fisher,0
231212,Ship's Engineer,0
231213,Ship's Master,0
231214,Ship's Officer,0
231215,Marine Surveyor,0
231299,Marine Transport Professionals nec,0
2312,Marine Transport Professionals,0
232000,"Architects, Designers, Planners and Surveyors nfd",1
232100,Architects and Landscape Architects nfd,1
232111,Architect,1
232112,Landscape Architect,1
2321,Architects and Landscape Architects,1
232200,Surveyors and Spatial Scientists nfd,0
232212,Surveyor,0
232213,Cartographer,0
232214,Other Spatial Scientist,0
2322,Surveyors and Spatial Scientists,0
232300,"Fashion, Industrial and Jewellery Designers nfd",1
232311,Fashion Designer,1
232312,Industrial Designer,1
232313,Jewellery Designer,1
2323,"Fashion, Industrial and Jewellery Designers",1
232400,"Graphic and Web Designers, and Illustrators nfd",1
232411,Graphic Designer,1
232412,Illustrator,1
232413,Multimedia Designer,1
232414,Web Designer,1
2324,"Graphic and Web Designers, and Illustrators",1
232511,Interior Designer,1
232611,Urban and Regional Planner,1
233000,Engineering Professionals nfd,1
233100,Chemical and Materials Engineers nfd,0
233111,Chemical Engineer,0
233112,Materials Engineer,0
2331,Chemical and Materials Engineers,0
233200,Civil Engineering Professionals nfd,1
233211,Civil Engineer,1
233212,Geotechnical Engineer,1
233213,Quantity Surveyor,1
233214,Structural Engineer,1
233215,Transport Engineer,1
2332,Civil Engineering Professionals,1
233311,Electrical Engineer,0
233411,Electronics Engineer,0
233500,"Industrial, Mechanical and Production Engineers nfd",0
233511,Industrial Engineer,0
233512,Mechanical Engineer,0
233513,Production or Plant Engineer,0
2335,"Industrial, Mechanical and Production Engineers",0
233600,Mining Engineers nfd,0
233611,Mining Engineer (excluding Petroleum),0
233612,Petroleum Engineer,0
2336,Mining Engineers,0
233900,Other Engineering Professionals nfd,0
233911,Aeronautical Engineer,0
233912,Agricultural Engineer,0
233913,Biomedical Engineer,0
233914,Engineering Technologist,
233915,Environmental Engineer,
233916,Naval Architect,
233999,Engineering Professionals nec,
2339,Other Engineering Professionals,
234000,Natural and Physical Science Professionals nfd,
234100,Agricultural and Forestry Scientists nfd,
234111,Agricultural Consultant,
234112,Agricultural Scientist,
234113,Forester,
2341,Agricultural and Forestry Scientists,
234200,"Chemists, and Food and Wine Scientists nfd",
234211,Chemist,
234212,Food Technologist,
234213,Wine Maker,
2342,"Chemists, and Food and Wine Scientists",
234300,Environmental Scientists nfd,
234311,Conservation Officer,
234312,Environmental Consultant,
234313,Environmental Research Scientist,
234314,Park Ranger,
234399,Environmental Scientists nec,
2343,Environmental Scientists,
234400,"Geologists, Geophysicists and Hydrogeologists nfd",
234411,Geologist,
234412,Geophysicist,
234413,Hydrogeologist,
2344,"Geologists, Geophysicists and Hydrogeologists",
234500,Life Scientists nfd,
234511,Life Scientist (General),
234513,Biochemist,
234514,Biotechnologist,
234515,Botanist,
234516,Marine Biologist,
234517,Microbiologist,
234518,Zoologist,
234599,Life Scientists nec,
2345,Life Scientists,
234611,Medical Laboratory Scientist,
234711,Veterinarian,
234900,Other Natural and Physical Science Professionals nfd,
234911,Conservator,
234912,Metallurgist,
234913,Meteorologist,
234914,Physicist,
234915,Exercise Physiologist,
234999,Natural and Physical Science Professionals nec,
2349,Other Natural and Physical Science Professionals,
240000,Education Professionals nfd,
241000,School Teachers nfd,
241111,Early Childhood (Pre-primary School) Teacher,
241213,Primary School Teacher,
241311,Middle School Teacher,
241411,Secondary School Teacher,
241500,Special Education Teachers nfd,
241511,Special Needs Teacher,
241512,Teacher of the Hearing Impaired,
241513,Teacher of the Sight Impaired,
241599,Special Education Teachers nec,
2415,Special Education Teachers,
242000,Tertiary Education Teachers nfd,
242100,University Lecturers and Tutors nfd,
242111,University Lecturer,
242112,University Tutor,
2421,University Lecturers and Tutors,
242211,Vocational Education Teacher,
249000,Miscellaneous Education Professionals nfd,
249100,Education Advisers and Reviewers nfd,
249111,Education Adviser,
249112,Education Reviewer,
2491,Education Advisers and Reviewers,
249200,Private Tutors and Teachers nfd,
249211,Art Teacher (Private Tuition),
249212,Dance Teacher (Private Tuition),
249213,Drama Teacher (Private Tuition),
249214,Music Teacher (Private Tuition),
249299,Private Tutors and Teachers nec,
2492,Private Tutors and Teachers,
249311,Teacher of English to Speakers of Other Languages,
250000,Health Professionals nfd,
251000,Health Diagnostic and Promotion Professionals nfd,
251100,Nutrition Professionals nfd,
251111,Dietitian,
251112,Nutritionist,
2511,Nutrition Professionals,
251200,Medical Imaging Professionals nfd,
251211,Medical Diagnostic Radiographer,
251212,Medical Radiation Therapist,
251213,Nuclear Medicine Technologist,
251214,Sonographer,
2512,Medical Imaging Professionals,
251300,Occupational and Environmental Health Professionals nfd,
251311,Environmental Health Officer,
251312,Occupational Health and Safety Adviser,
2513,Occupational and Environmental Health Professionals,
251400,Optometrists and Orthoptists nfd,
251411,Optometrist,
251412,Orthoptist,
2514,Optometrists and Orthoptists,
251500,Pharmacists nfd,
251511,Hospital Pharmacist,
251512,Industrial Pharmacist,
251513,Retail Pharmacist,
2515,Pharmacists,
251900,Other Health Diagnostic and Promotion Professionals nfd,
251911,Health Promotion Officer,
251912,Orthotist or Prosthetist,
251999,Health Diagnostic and Promotion Professionals nec,
2519,Other Health Diagnostic and Promotion Professionals,
252000,Health Therapy Professionals nfd,
252100,Chiropractors and Osteopaths nfd,
252111,Chiropractor,
252112,Osteopath,
2521,Chiropractors and Osteopaths,
252200,Complementary Health Therapists nfd,
252211,Acupuncturist,
252212,Homoeopath,
252213,Naturopath,
252214,Traditional Chinese Medicine Practitioner,
252299,Complementary Health Therapists nec,
2522,Complementary Health Therapists,
252300,Dental Practitioners nfd,
252311,Dental Specialist,
252312,Dentist,
2523,Dental Practitioners,
252411,Occupational Therapist,
252511,Physiotherapist,
252611,Podiatrist,
252700,Audiologists and Speech Pathologists \ Therapists nfd,
252711,Audiologist,
252712,Speech Pathologist,
2527,Audiologists and Speech Pathologists \ Therapists,
253000,Medical Practitioners nfd,
253100,General Practitioners and Resident Medical Officers nfd,
253111,General Practitioner,
253112,Resident Medical Officer,
2531,General Practitioners and Resident Medical Officers,
253211,Anaesthetist,
253300,Specialist Physicians nfd,
253311,Specialist Physician (General Medicine),
253312,Cardiologist,
253313,Clinical Haematologist,
253314,Medical Oncologist,
253315,Endocrinologist,
253316,Gastroenterologist,
253317,Intensive Care Specialist,
253318,Neurologist,
253321,Paediatrician,
253322,Renal Medicine Specialist,
253323,Rheumatologist,
253324,Thoracic Medicine Specialist,
253399,Specialist Physicians nec,
2533,Specialist Physicians,
253411,Psychiatrist,
253500,Surgeons nfd,
253511,Surgeon (General),
253512,Cardiothoracic Surgeon,
253513,Neurosurgeon,
253514,Orthopaedic Surgeon,
253515,Otorhinolaryngologist,
253516,Paediatric Surgeon,
253517,Plastic and Reconstructive Surgeon,
253518,Urologist,
253521,Vascular Surgeon,
2535,Surgeons,
253900,Other Medical Practitioners nfd,
253911,Dermatologist,
253912,Emergency Medicine Specialist,
253913,Obstetrician and Gynaecologist,
253914,Ophthalmologist,
253915,Pathologist,
253917,Diagnostic and Interventional Radiologist,
253918,Radiation Oncologist,
253999,Medical Practitioners nec,
2539,Other Medical Practitioners,
254000,Midwifery and Nursing Professionals nfd,
254111,Midwife,
254200,Nurse Educators and Researchers nfd,
254211,Nurse Educator,
254212,Nurse Researcher,
2542,Nurse Educators and Researchers,
254311,Nurse Manager,
254400,Registered Nurses nfd,
254411,Nurse Practitioner,
254412,Registered Nurse (Aged Care),
254413,Registered Nurse (Child and Family Health),
254414,Registered Nurse (Community Health),
254415,Registered Nurse (Critical Care and Emergency),
254416,Registered Nurse (Developmental Disability),
254417,Registered Nurse (Disability and Rehabilitation),
254418,Registered Nurse (Medical),
254421,Registered Nurse (Medical Practice),
254422,Registered Nurse (Mental Health),
254423,Registered Nurse (Perioperative),
254424,Registered Nurse (Surgical),
254425,Registered Nurse (Paediatrics),
254499,Registered Nurses nec,
2544,Registered Nurses,
260000,ICT Professionals nfd,
261000,"Business and Systems Analysts, and Programmers nfd",
261100,ICT Business and Systems Analysts nfd,
261111,ICT Business Analyst,
261112,Systems Analyst,
2611,ICT Business and Systems Analysts,
261200,Multimedia Specialists and Web Developers nfd,
261211,Multimedia Specialist,
261212,Web Developer,
2612,Multimedia Specialists and Web Developers,
261300,Software and Applications Programmers nfd,
261311,Analyst Programmer,
261312,Developer Programmer,
261313,Software Engineer,
261314,Software Tester,
261399,Software and Applications Programmers nec,
2613,Software and Applications Programmers,
262100,"Database and Systems Administrators, and ICT Security Specialists nfd",
262111,Database Administrator,
262112,ICT Security Specialist,
262113,Systems Administrator,
2621,"Database and Systems Administrators, and ICT Security Specialists",
263000,ICT Network and Support Professionals nfd,
263100,Computer Network Professionals nfd,
263111,Computer Network and Systems Engineer,
263112,Network Administrator,
263113,Network Analyst,
2631,Computer Network Professionals,
263200,ICT Support and Test Engineers nfd,
263211,ICT Quality Assurance Engineer,
263212,ICT Support Engineer,
263213,ICT Systems Test Engineer,
263299,ICT Support and Test Engineers nec,
2632,ICT Support and Test Engineers,
263300,Telecommunications Engineering Professionals nfd,
263311,Telecommunications Engineer,
263312,Telecommunications Network Engineer,
2633,Telecommunications Engineering Professionals,
270000,"Legal, Social and Welfare Professionals nfd",
271000,Legal Professionals nfd,
271111,Barrister,
271200,Judicial and Other Legal Professionals nfd,
271211,Judge,
271212,Magistrate,
271213,Tribunal Member,
271214,Intellectual Property Lawyer,
271299,Judicial and Other Legal Professionals nec,
2712,Judicial and Other Legal Professionals,
271311,Solicitor,
272000,Social and Welfare Professionals nfd,
272100,Counsellors nfd,
272111,Careers Counsellor,
272112,Drug and Alcohol Counsellor,
272113,Family and Marriage Counsellor,
272114,Rehabilitation Counsellor,
272115,Student Counsellor,
272199,Counsellors nec,
2721,Counsellors,
272211,Minister of Religion,
272300,Psychologists nfd,
272311,Clinical Psychologist,
272312,Educational Psychologist,
272313,Organisational Psychologist,
272314,Psychotherapist,
272399,Psychologists nec,
2723,Psychologists,
272400,Social Professionals nfd,
272411,Historian,
272412,Interpreter,
272413,Translator,
272414,Archaeologist,
272499,Social Professionals nec,
2724,Social Professionals,
272511,Social Worker,
272600,"Welfare, Recreation and Community Arts Workers nfd",
272611,Community Arts Worker,
272612,Recreation Officer,
272613,Welfare Worker,
2726,"Welfare, Recreation and Community Arts Workers",
300000,Technicians and Trades Workers nfd,
310000,"Engineering, ICT and Science Technicians nfd",
311000,"Agricultural, Medical and Science Technicians nfd",
311111,Agricultural Technician,
311200,Medical Technicians nfd,
311211,Anaesthetic Technician,
311212,Cardiac Technician,
311213,Medical Laboratory Technician,
311214,Operating Theatre Technician,
311215,Pharmacy Technician,
311216,Pathology Collector,
311299,Medical Technicians nec,
3112,Medical Technicians,
311300,Primary Products Inspectors nfd,
311311,Fisheries Officer,
311312,Meat Inspector,
311313,Quarantine Officer,
311399,Primary Products Inspectors nec,
3113,Primary Products Inspectors,
311400,Science Technicians nfd,
311411,Chemistry Technician,
311412,Earth Science Technician,
311413,Life Science Technician,
311414,School Laboratory Technician,
311415,Hydrographer,
311499,Science Technicians nec,
3114,Science Technicians,
312000,Building and Engineering Technicians nfd,
312100,"Architectural, Building and Surveying Technicians nfd",
312111,Architectural Draftsperson,
312112,Building Associate,
312113,Building Inspector,
312114,Construction Estimator,
312115,Plumbing Inspector,
312116,Surveying or Spatial Science Technician,
312199,"Architectural, Building and Surveying Technicians nec",
3121,"Architectural, Building and Surveying Technicians",
312200,Civil Engineering Draftspersons and Technicians nfd,
312211,Civil Engineering Draftsperson,
312212,Civil Engineering Technician,
3122,Civil Engineering Draftspersons and Technicians,
312300,Electrical Engineering Draftspersons and Technicians nfd,
312311,Electrical Engineering Draftsperson,
312312,Electrical Engineering Technician,
3123,Electrical Engineering Draftspersons and Technicians,
312400,Electronic Engineering Draftspersons and Technicians nfd,
312411,Electronic Engineering Draftsperson,
312412,Electronic Engineering Technician,
3124,Electronic Engineering Draftspersons and Technicians,
312500,Mechanical Engineering Draftspersons and Technicians nfd,
312511,Mechanical Engineering Draftsperson,
312512,Mechanical Engineering Technician,
3125,Mechanical Engineering Draftspersons and Technicians,
312611,Safety Inspector,
312900,Other Building and Engineering Technicians nfd,
312911,Maintenance Planner,
312912,Metallurgical or Materials Technician,
312913,Mine Deputy,
312999,Building and Engineering Technicians nec,
3129,Other Building and Engineering Technicians,
313000,ICT and Telecommunications Technicians nfd,
313100,ICT Support Technicians nfd,
313111,Hardware Technician,
313112,ICT Customer Support Officer,
313113,Web Administrator,
313199,ICT Support Technicians nec,
3131,ICT Support Technicians,
313200,Telecommunications Technical Specialists nfd,
313211,Radiocommunications Technician,
313212,Telecommunications Field Engineer,
313213,Telecommunications Network Planner,
313214,Telecommunications Technical Officer or Technologist,
3132,Telecommunications Technical Specialists,
320000,Automotive and Engineering Trades Workers nfd,
321000,Automotive Electricians and Mechanics nfd,
321111,Automotive Electrician,
321200,Motor Mechanics nfd,
321211,Motor Mechanic (General),
321212,Diesel Motor Mechanic,
321213,Motorcycle Mechanic,
321214,Small Engine Mechanic,
3212,Motor Mechanics,
322000,Fabrication Engineering Trades Workers nfd,
322100,"Metal Casting, Forging and Finishing Trades Workers nfd",
322111,Blacksmith,
322112,Electroplater,
322113,Farrier,
322114,Metal Casting Trades Worker,
322115,Metal Polisher,
3221,"Metal Casting, Forging and Finishing Trades Workers",
322211,Sheetmetal Trades Worker,
322300,Structural Steel and Welding Trades Workers nfd,
322311,Metal Fabricator,
322312,Pressure Welder,
322313,Welder (First Class),
3223,Structural Steel and Welding Trades Workers,
323000,Mechanical Engineering Trades Workers nfd,
323100,Aircraft Maintenance Engineers nfd,
323111,Aircraft Maintenance Engineer (Avionics),
323112,Aircraft Maintenance Engineer (Mechanical),
323113,Aircraft Maintenance Engineer (Structures),
3231,Aircraft Maintenance Engineers,
323200,Metal Fitters and Machinists nfd,
323211,Fitter (General),
323212,Fitter and Turner,
323213,Fitter-Welder,
323214,Metal Machinist (First Class),
323215,"Textile, Clothing and Footwear Mechanic",
323299,Metal Fitters and Machinists nec,
3232,Metal Fitters and Machinists,
323300,Precision Metal Trades Workers nfd,
323311,Engraver,
323312,Gunsmith,
323313,Locksmith,
323314,Precision Instrument Maker and Repairer,
323315,Saw Doctor,
323316,Watch and Clock Maker and Repairer,
3233,Precision Metal Trades Workers,
323400,Toolmakers and Engineering Patternmakers nfd,
323411,Engineering Patternmaker,
323412,Toolmaker,
3234,Toolmakers and Engineering Patternmakers,
324000,"Panelbeaters, and Vehicle Body Builders, Trimmers and Painters nfd",
324111,Panelbeater,
324200,Vehicle Body Builders and Trimmers nfd,
324211,Vehicle Body Builder,
324212,Vehicle Trimmer,
3242,Vehicle Body Builders and Trimmers,
324311,Vehicle Painter,
330000,Construction Trades Workers nfd,
331000,"Bricklayers, and Carpenters and Joiners nfd",
331100,Bricklayers and Stonemasons nfd,
331111,Bricklayer,
331112,Stonemason,
3311,Bricklayers and Stonemasons,
331211,Carpenter and Joiner,
331212,Carpenter,
331213,Joiner,
3312,Carpenters and Joiners,
332000,Floor Finishers and Painting Trades Workers nfd,
332111,Floor Finisher,
332211,Painting Trades Worker,
333000,"Glaziers, Plasterers and Tilers nfd",
333111,Glazier,
333200,Plasterers nfd,
333211,Fibrous Plasterer,
333212,Solid Plasterer,
3332,Plasterers,
333311,Roof Tiler,
333411,Wall and Floor Tiler,
334100,Plumbers nfd,
334111,Plumber (General),
334112,Airconditioning and Mechanical Services Plumber,
334113,Drainer,
334114,Gasfitter,
334115,Roof Plumber,
3341,Plumbers,
340000,Electrotechnology and Telecommunications Trades Workers nfd,
341100,Electricians nfd,
341111,Electrician (General),
341112,Electrician (Special Class),
341113,Lift Mechanic,
3411,Electricians,
342000,Electronics and Telecommunications Trades Workers nfd,
342111,Airconditioning and Refrigeration Mechanic,
342200,Electrical Distribution Trades Workers nfd,
342211,Electrical Linesworker,
342212,Technical Cable Jointer,
3422,Electrical Distribution Trades Workers,
342300,Electronics Trades Workers nfd,
342311,Business Machine Mechanic,
342312,Communications Operator,
342313,Electronic Equipment Trades Worker,
342314,Electronic Instrument Trades Worker (General),
342315,Electronic Instrument Trades Worker (Special Class),
3423,Electronics Trades Workers,
342400,Telecommunications Trades Workers nfd,
342411,Cabler (Data and Telecommunications),
342412,Telecommunications Cable Jointer,
342413,Telecommunications Linesworker,
342414,Telecommunications Technician,
3424,Telecommunications Trades Workers,
351000,Food Trades Workers nfd,
351100,Bakers and Pastrycooks nfd,
351111,Baker,
351112,Pastrycook,
3511,Bakers and Pastrycooks,
351211,Butcher or Smallgoods Maker,
351311,Chef,
351411,Cook,
360000,Skilled Animal and Horticultural Workers nfd,
361000,"Animal Attendants and Trainers, and Shearers nfd",
361100,Animal Attendants and Trainers nfd,
361111,Dog Handler or Trainer,
361112,Horse Trainer,
361113,Pet Groomer,
361114,Zookeeper,
361115,Kennel Hand,
361199,Animal Attendants and Trainers nec,
3611,Animal Attendants and Trainers,
361211,Shearer,
361311,Veterinary Nurse,
362000,Horticultural Trades Workers nfd,
362111,Florist,
362200,Gardeners nfd,
362211,Gardener (General),
362212,Arborist,
362213,Landscape Gardener,
3622,Gardeners,
362311,Greenkeeper,
362411,Nurseryperson,
390000,Other Technicians and Trades Workers nfd,
391111,Hairdresser,
392000,Printing Trades Workers nfd,
392100,Print Finishers and Screen Printers nfd,
392111,Print Finisher,
392112,Screen Printer,
3921,Print Finishers and Screen Printers,
392211,Graphic Pre-press Trades Worker,
392300,Printers nfd,
392311,Printing Machinist,
392312,Small Offset Printer,
3923,Printers,
393000,"Textile, Clothing and Footwear Trades Workers nfd",
393100,Canvas and Leather Goods Makers nfd,
393111,Canvas Goods Fabricator,
393112,Leather Goods Maker,
393113,Sail Maker,
393114,Shoemaker,
3931,Canvas and Leather Goods Makers,
393200,Clothing Trades Workers nfd,
393211,Apparel Cutter,
393212,Clothing Patternmaker,
393213,Dressmaker or Tailor,
393299,Clothing Trades Workers nec,
3932,Clothing Trades Workers,
393311,Upholsterer,
394000,Wood Trades Workers nfd,
394111,Cabinetmaker,
394200,Wood Machinists and Other Wood Trades Workers nfd,
394211,Furniture Finisher,
394212,Picture Framer,
394213,Wood Machinist,
394214,Wood Turner,
394299,Wood Machinists and Other Wood Trades Workers nec,
3942,Wood Machinists and Other Wood Trades Workers,
399000,Miscellaneous Technicians and Trades Workers nfd,
399100,Boat Builders and Shipwrights nfd,
399111,Boat Builder and Repairer,
399112,Shipwright,
3991,Boat Builders and Shipwrights,
399200,"Chemical, Gas, Petroleum and Power Generation Plant Operators nfd",
399211,Chemical Plant Operator,
399212,Gas or Petroleum Operator,
399213,Power Generation Plant Operator,
3992,"Chemical, Gas, Petroleum and Power Generation Plant Operators",
399300,"Gallery, Library and Museum Technicians nfd",
399311,Gallery or Museum Technician,
399312,Library Technician,
3993,"Gallery, Library and Museum Technicians",
399411,Jeweller,
399500,Performing Arts Technicians nfd,
399511,Broadcast Transmitter Operator,
399512,"Camera Operator (Film, Television or Video)",
399513,Light Technician,
399514,Make Up Artist,
399515,Musical Instrument Maker or Repairer,
399516,Sound Technician,
399517,Television Equipment Operator,
399599,Performing Arts Technicians nec,
3995,Performing Arts Technicians,
399611,Signwriter,
399900,Other Miscellaneous Technicians and Trades Workers nfd,
399911,Diver,
399912,Interior Decorator,
399913,Optical Dispenser,
399914,Optical Mechanic,
399915,Photographer's Assistant,
399916,Plastics Technician,
399917,Wool Classer,
399918,Fire Protection Equipment Technician,
399999,Technicians and Trades Workers nec,
3999,Other Miscellaneous Technicians and Trades Workers,
400000,Community and Personal Service Workers nfd,
411000,Health and Welfare Support Workers nfd,
411100,Ambulance Officers and Paramedics nfd,
411111,Ambulance Officer,
411112,Intensive Care Ambulance Paramedic,
4111,Ambulance Officers and Paramedics,
411200,"Dental Hygienists, Technicians and Therapists nfd",
411211,Dental Hygienist,
411212,Dental Prosthetist,
411213,Dental Technician,
411214,Dental Therapist,
4112,"Dental Hygienists, Technicians and Therapists",
411311,Diversional Therapist,
411400,Enrolled and Mothercraft Nurses nfd,
411411,Enrolled Nurse,
411412,Mothercraft Nurse,
4114,Enrolled and Mothercraft Nurses,
411511,Aboriginal and Torres Strait Islander Health Worker,
411611,Massage Therapist,
411700,Welfare Support Workers nfd,
411711,Community Worker,
411712,Disabilities Services Officer,
411713,Family Support Worker,
411714,Parole or Probation Officer,
411715,Residential Care Officer,
411716,Youth Worker,
4117,Welfare Support Workers,
420000,Carers and Aides nfd,
421100,Child Carers nfd,
421111,Child Care Worker,
421112,Family Day Care Worker,
421113,Nanny,
421114,Out of School Hours Care Worker,
4211,Child Carers,
422100,Education Aides nfd,
422111,Aboriginal and Torres Strait Islander Education Worker,
422112,Integration Aide,
422115,Preschool Aide,
422116,Teachers' Aide,
4221,Education Aides,
423000,Personal Carers and Assistants nfd,
423111,Aged or Disabled Carer,
423211,Dental Assistant,
423300,Nursing Support and Personal Care Workers nfd,
423311,Hospital Orderly,
423312,Nursing Support Worker,
423313,Personal Care Assistant,
423314,Therapy Aide,
4233,Nursing Support and Personal Care Workers,
423400,Special Care Workers nfd,
423411,Child or Youth Residential Care Assistant,
423412,Hostel Parent,
423413,Refuge Worker,
4234,Special Care Workers,
431000,Hospitality Workers nfd,
431100,Bar Attendants and Baristas nfd,
431111,Bar Attendant,
431112,Barista,
4311,Bar Attendants and Baristas,
431211,Cafe Worker,
431311,Gaming Worker,
431411,Hotel Service Manager,
431511,Waiter,
431900,Other Hospitality Workers nfd,
431911,Bar Useful or Busser,
431912,Doorperson or Luggage Porter,
431999,Hospitality Workers nec,
4319,Other Hospitality Workers,
440000,Protective Service Workers nfd,
441000,"Defence Force Members, Fire Fighters and Police nfd",
441111,Defence Force Member - Other Ranks,
441200,Fire and Emergency Workers nfd,
441211,Emergency Service Worker,
441212,Fire Fighter,
4412,Fire and Emergency Workers,
441300,Police nfd,
441311,Detective,
441312,Police Officer,
4413,Police,
442000,Prison and Security Officers nfd,
442111,Prison Officer,
442200,Security Officers and Guards nfd,
442211,"Alarm, Security or Surveillance Monitor",
442212,Armoured Car Escort,
442213,Crowd Controller,
442214,Private Investigator,
442215,Retail Loss Prevention Officer,
442216,Security Consultant,
442217,Security Officer,
442299,Security Officers and Guards nec,
4422,Security Officers and Guards,
450000,Sports and Personal Service Workers nfd,
451000,Personal Service and Travel Workers nfd,
451111,Beauty Therapist,
451211,Driving Instructor,
451300,Funeral Workers nfd,
451311,Funeral Director,
451399,Funeral Workers nec,
4513,Funeral Workers,
451400,"Gallery, Museum and Tour Guides nfd",
451411,Gallery or Museum Guide,
451412,Tour Guide,
4514,"Gallery, Museum and Tour Guides",
451500,Personal Care Consultants nfd,
451511,Natural Remedy Consultant,
451512,Weight Loss Consultant,
451513,Herbalist (Western),
4515,Personal Care Consultants,
451600,Tourism and Travel Advisers nfd,
451611,Tourist Information Officer,
451612,Travel Consultant,
4516,Tourism and Travel Advisers,
451700,Travel Attendants nfd,
451711,Flight Attendant,
451799,Travel Attendants nec,
4517,Travel Attendants,
451800,Other Personal Service Workers nfd,
451811,Civil Celebrant,
451812,Hair or Beauty Salon Assistant,
451813,Sex Worker or Escort,
451814,Body Artist,
451815,First Aid Trainer,
451816,Religious Assistant,
451899,Personal Service Workers nec,
4518,Other Personal Service Workers,
452000,Sports and Fitness Workers nfd,
452111,Fitness Instructor,
452200,Outdoor Adventure Guides nfd,
452211,Bungy Jump Master,
452212,Fishing Guide,
452213,Hunting Guide,
452214,Mountain or Glacier Guide,
452215,Outdoor Adventure Instructor,
452216,Trekking Guide,
452217,Whitewater Rafting Guide,
452299,Outdoor Adventure Guides nec,
4522,Outdoor Adventure Guides,
452300,"Sports Coaches, Instructors and Officials nfd",
452311,Diving Instructor (Open Water),
452312,Gymnastics Coach or Instructor,
452313,Horse Riding Coach or Instructor,
452314,Snowsport Instructor,
452315,Swimming Coach or Instructor,
452316,Tennis Coach,
452317,Other Sports Coach or Instructor,
452318,Dog or Horse Racing Official,
452321,Sports Development Officer,
452322,Sports Umpire,
452323,Other Sports Official,
4523,"Sports Coaches, Instructors and Officials",
452400,Sportspersons nfd,
452411,Footballer,
452412,Golfer,
452413,Jockey,
452414,Lifeguard,
452499,Sportspersons nec,
4524,Sportspersons,
500000,Clerical and Administrative Workers nfd,
510000,Office Managers and Program Administrators nfd,
511100,"Contract, Program and Project Administrators nfd",
511111,Contract Administrator,
511112,Program or Project Administrator,
5111,"Contract, Program and Project Administrators",
512000,Office and Practice Managers nfd,
512111,Office Manager,
512200,Practice Managers nfd,
512211,Health Practice Manager,
512299,Practice Managers nec,
5122,Practice Managers,
521000,Personal Assistants and Secretaries nfd,
521111,Personal Assistant,
521200,Secretaries nfd,
521211,Secretary (General),
521212,Legal Secretary,
5212,Secretaries,
530000,General Clerical Workers nfd,
531111,General Clerk,
532100,Keyboard Operators nfd,
532111,Data Entry Operator,
532112,Machine Shorthand Reporter,
532113,Word Processing Operator,
5321,Keyboard Operators,
540000,Inquiry Clerks and Receptionists nfd,
541000,Call or Contact Centre Information Clerks nfd,
541100,Call or Contact Centre Workers nfd,
541111,Call or Contact Centre Team Leader,
541112,Call or Contact Centre Operator,
5411,Call or Contact Centre Workers,
541211,Information Officer,
542100,Receptionists nfd,
542111,Receptionist (General),
542112,Admissions Clerk,
542113,Hotel or Motel Receptionist,
542114,Medical Receptionist,
5421,Receptionists,
550000,Numerical Clerks nfd,
551000,Accounting Clerks and Bookkeepers nfd,
551100,Accounting Clerks nfd,
551111,Accounts Clerk,
551112,Cost Clerk,
5511,Accounting Clerks,
551211,Bookkeeper,
551311,Payroll Clerk,
552000,Financial and Insurance Clerks nfd,
552111,Bank Worker,
552211,Credit or Loans Officer,
552300,"Insurance, Money Market and Statistical Clerks nfd",
552311,Bookmaker,
552312,Insurance Consultant,
552313,Money Market Clerk,
552314,Statistical Clerk,
5523,"Insurance, Money Market and Statistical Clerks",
561000,Clerical and Office Support Workers nfd,
561100,Betting Clerks nfd,
561111,Betting Agency Counter Clerk,
561112,Bookmaker's Clerk,
561113,Telephone Betting Clerk,
561199,Betting Clerks nec,
5611,Betting Clerks,
561200,Couriers and Postal Deliverers nfd,
561211,Courier,
561212,Postal Delivery Officer,
5612,Couriers and Postal Deliverers,
561311,Filing or Registry Clerk,
561400,Mail Sorters nfd,
561411,Mail Clerk,
561412,Postal Sorting Officer,
5614,Mail Sorters,
561511,Survey Interviewer,
561611,Switchboard Operator,
561900,Other Clerical and Office Support Workers nfd,
561911,Classified Advertising Clerk,
561912,Meter Reader,
561913,Parking Inspector,
561999,Clerical and Office Support Workers nec,
5619,Other Clerical and Office Support Workers,
590000,Other Clerical and Administrative Workers nfd,
591000,Logistics Clerks nfd,
591100,Purchasing and Supply Logistics Clerks nfd,
591112,Production Clerk,
591113,Purchasing Officer,
591115,Stock Clerk,
591116,Warehouse Administrator,
591117,Order Clerk,
5911,Purchasing and Supply Logistics Clerks,
591200,Transport and Despatch Clerks nfd,
591211,Despatching and Receiving Clerk,
591212,Import-Export Clerk,
5912,Transport and Despatch Clerks,
599000,Miscellaneous Clerical and Administrative Workers nfd,
599100,Conveyancers and Legal Executives nfd,
599111,Conveyancer,
599112,Legal Executive,
5991,Conveyancers and Legal Executives,
599200,Court and Legal Clerks nfd,
599211,Clerk of Court,
599212,Court Bailiff or Sheriff,
599213,Court Orderly,
599214,Law Clerk,
599215,Trust Officer,
5992,Court and Legal Clerks,
599311,Debt Collector,
599411,Human Resources Clerk,
599500,Inspectors and Regulatory Officers nfd,
599511,Customs Officer,
599512,Immigration Officer,
599513,Motor Vehicle Licence Examiner,
599514,Noxious Weeds and Pest Inspector,
599515,Social Security Assessor,
599516,Taxation Inspector,
599517,Train Examiner,
599518,Transport Operations Inspector,
599521,Water Inspector,
599599,Inspectors and Regulatory Officers nec,
5995,Inspectors and Regulatory Officers,
599600,"Insurance Investigators, Loss Adjusters and Risk Surveyors nfd",
599611,Insurance Investigator,
599612,Insurance Loss Adjuster,
599613,Insurance Risk Surveyor,
5996,"Insurance Investigators, Loss Adjusters and Risk Surveyors",
599711,Library Assistant,
599900,Other Miscellaneous Clerical and Administrative Workers nfd,
599912,"Production Assistant (Film, Television, Radio or Stage)",
599913,Proof Reader,
599914,Radio Despatcher,
599915,Clinical Coder,
599916,Facilities Administrator,
599999,Clerical and Administrative Workers nec,
5999,Other Miscellaneous Clerical and Administrative Workers,
600000,Sales Workers nfd,
610000,Sales Representatives and Agents nfd,
611000,Insurance Agents and Sales Representatives nfd,
611100,"Auctioneers, and Stock and Station Agents nfd",
611111,Auctioneer,
611112,Stock and Station Agent,
6111,"Auctioneers, and Stock and Station Agents",
611211,Insurance Agent,
611300,Sales Representatives nfd,
611311,Sales Representative (Building and Plumbing Supplies),
611312,Sales Representative (Business Services),
611313,Sales Representative (Motor Vehicle Parts and Accessories),
611314,Sales Representative (Personal and Household Goods),
611399,Sales Representatives nec,
6113,Sales Representatives,
612100,Real Estate Sales Agents nfd,
612111,Business Broker,
612112,Property Manager,
612113,Real Estate Agency Principal,
612114,Real Estate Agent,
612115,Real Estate Representative,
6121,Real Estate Sales Agents,
621000,Sales Assistants and Salespersons nfd,
621111,Sales Assistant (General),
621211,ICT Sales Assistant,
621300,Motor Vehicle and Vehicle Parts Salespersons nfd,
621311,Motor Vehicle or Caravan Salesperson,
621312,Motor Vehicle Parts Interpreter,
6213,Motor Vehicle and Vehicle Parts Salespersons,
621411,Pharmacy Sales Assistant,
621511,Retail Supervisor,
621611,Service Station Attendant,
621700,Street Vendors and Related Salespersons nfd,
621711,Cash Van Salesperson,
621712,Door-to-door Salesperson,
621713,Street Vendor,
6217,Street Vendors and Related Salespersons,
621900,Other Sales Assistants and Salespersons nfd,
621911,Materials Recycler,
621912,Rental Salesperson,
621999,Sales Assistants and Salespersons nec,
6219,Other Sales Assistants and Salespersons,
630000,Sales Support Workers nfd,
631100,Checkout Operators and Office Cashiers nfd,
631111,Checkout Operator,
631112,Office Cashier,
6311,Checkout Operators and Office Cashiers,
639000,Miscellaneous Sales Support Workers nfd,
639100,Models and Sales Demonstrators nfd,
639111,Model,
639112,Sales Demonstrator,
6391,Models and Sales Demonstrators,
639200,Retail and Wool Buyers nfd,
639211,Retail Buyer,
639212,Wool Buyer,
6392,Retail and Wool Buyers,
639311,Telemarketer,
639400,Ticket Salespersons nfd,
639411,Ticket Seller,
639412,Transport Conductor,
6394,Ticket Salespersons,
639511,Visual Merchandiser,
639911,Other Sales Support Worker,
700000,Machinery Operators and Drivers nfd,
710000,Machine and Stationary Plant Operators nfd,
711000,Machine Operators nfd,
711100,"Clay, Concrete, Glass and Stone Processing Machine Operators nfd",
711111,Clay Products Machine Operator,
711112,Concrete Products Machine Operator,
711113,Glass Production Machine Operator,
711114,Stone Processing Machine Operator,
711199,"Clay, Concrete, Glass and Stone Processing Machine Operators nec",
7111,"Clay, Concrete, Glass and Stone Processing Machine Operators",
711211,Industrial Spraypainter,
711300,Paper and Wood Processing Machine Operators nfd,
711311,Paper Products Machine Operator,
711313,Sawmilling Operator,
711314,Other Wood Processing Machine Operator,
7113,Paper and Wood Processing Machine Operators,
711411,Photographic Developer and Printer,
711500,Plastics and Rubber Production Machine Operators nfd,
711511,Plastic Cablemaking Machine Operator,
711512,Plastic Compounding and Reclamation Machine Operator,
711513,Plastics Fabricator or Welder,
711514,Plastics Production Machine Operator (General),
711515,Reinforced Plastic and Composite Production Worker,
711516,Rubber Production Machine Operator,
711599,Plastics and Rubber Production Machine Operators nec,
7115,Plastics and Rubber Production Machine Operators,
711611,Sewing Machinist,
711700,Textile and Footwear Production Machine Operators nfd,
711711,Footwear Production Machine Operator,
711712,Hide and Skin Processing Machine Operator,
711713,Knitting Machine Operator,
711714,Textile Dyeing and Finishing Machine Operator,
711715,Weaving Machine Operator,
711716,Yarn Carding and Spinning Machine Operator,
711799,Textile and Footwear Production Machine Operators nec,
7117,Textile and Footwear Production Machine Operators,
711900,Other Machine Operators nfd,
711911,Chemical Production Machine Operator,
711912,Motion Picture Projectionist,
711913,Sand Blaster,
711914,Sterilisation Technician,
711999,Machine Operators nec,
7119,Other Machine Operators,
712000,Stationary Plant Operators nfd,
712111,"Crane, Hoist or Lift Operator",
712200,"Drillers, Miners and Shot Firers nfd",
712211,Driller,
712212,Miner,
712213,Shot Firer,
7122,"Drillers, Miners and Shot Firers",
712311,Engineering Production Worker,
712900,Other Stationary Plant Operators nfd,
712911,Boiler or Engine Operator,
712912,Bulk Materials Handling Plant Operator,
712913,Cement Production Plant Operator,
712914,Concrete Batching Plant Operator,
712915,Concrete Pump Operator,
712916,Paper and Pulp Mill Operator,
712917,Railway Signal Operator,
712918,Train Controller,
712921,Waste Water or Water Plant Operator,
712922,Weighbridge Operator,
712999,Stationary Plant Operators nec,
7129,Other Stationary Plant Operators,
721000,Mobile Plant Operators nfd,
721100,"Agricultural, Forestry and Horticultural Plant Operators nfd",
721111,Agricultural and Horticultural Mobile Plant Operator,
721112,Logging Plant Operator,
7211,"Agricultural, Forestry and Horticultural Plant Operators",
721200,Earthmoving Plant Operators nfd,
721211,Earthmoving Plant Operator (General),
721212,Backhoe Operator,
721213,Bulldozer Operator,
721214,Excavator Operator,
721215,Grader Operator,
721216,Loader Operator,
7212,Earthmoving Plant Operators,
721311,Forklift Driver,
721900,Other Mobile Plant Operators nfd,
721911,Aircraft Baggage Handler and Airline Ground Crew,
721912,Linemarker,
721913,Paving Plant Operator,
721914,Railway Track Plant Operator,
721915,Road Roller Operator,
721916,Streetsweeper Operator,
721999,Mobile Plant Operators nec,
7219,Other Mobile Plant Operators,
730000,Road and Rail Drivers nfd,
731000,"Automobile, Bus and Rail Drivers nfd",
731100,Automobile Drivers nfd,
731111,Chauffeur,
731112,Taxi Driver,
731199,Automobile Drivers nec,
7311,Automobile Drivers,
731200,Bus and Coach Drivers nfd,
731211,Bus Driver,
731212,Charter and Tour Bus Driver,
731213,Passenger Coach Driver,
7312,Bus and Coach Drivers,
731300,Train and Tram Drivers nfd,
731311,Train Driver,
731312,Tram Driver,
7313,Train and Tram Drivers,
732111,Delivery Driver,
733100,Truck Drivers nfd,
733111,Truck Driver (General),
733112,Aircraft Refueller,
733113,Furniture Removalist,
733114,Tanker Driver,
733115,Tow Truck Driver,
7331,Truck Drivers,
741111,Storeperson,
800000,Labourers nfd,
811000,Cleaners and Laundry Workers nfd,
811111,Car Detailer,
811211,Commercial Cleaner,
811311,Domestic Cleaner,
811400,Housekeepers nfd,
811411,Commercial Housekeeper,
811412,Domestic Housekeeper,
8114,Housekeepers,
811500,Laundry Workers nfd,
811511,Laundry Worker (General),
811512,Drycleaner,
811513,Ironer or Presser,
8115,Laundry Workers,
811600,Other Cleaners nfd,
811611,Carpet Cleaner,
811612,Window Cleaner,
811699,Cleaners nec,
8116,Other Cleaners,
821000,Construction and Mining Labourers nfd,
821100,Building and Plumbing Labourers nfd,
821111,Builder's Labourer,
821112,"Drainage, Sewerage and Stormwater Labourer",
821113,Earthmoving Labourer,
821114,Plumber's Assistant,
8211,Building and Plumbing Labourers,
821211,Concreter,
821311,Fencer,
821400,Insulation and Home Improvement Installers nfd,
821411,Building Insulation Installer,
821412,Home Improvement Installer,
8214,Insulation and Home Improvement Installers,
821511,Paving and Surfacing Labourer,
821611,Railway Track Worker,
821700,Structural Steel Construction Workers nfd,
821711,Construction Rigger,
821712,Scaffolder,
821713,Steel Fixer,
821714,Structural Steel Erector,
8217,Structural Steel Construction Workers,
821900,Other Construction and Mining Labourers nfd,
821911,Crane Chaser,
821912,Driller's Assistant,
821913,Lagger,
821914,Mining Support Worker,
821915,Surveyor's Assistant,
8219,Other Construction and Mining Labourers,
830000,Factory Process Workers nfd,
831000,Food Process Workers nfd,
831100,Food and Drink Factory Workers nfd,
831111,Baking Factory Worker,
831112,Brewery Worker,
831113,Confectionery Maker,
831114,Dairy Products Maker,
831115,Fruit and Vegetable Factory Worker,
831116,Grain Mill Worker,
831117,Sugar Mill Worker,
831118,Winery Cellar Hand,
831199,Food and Drink Factory Workers nec,
8311,Food and Drink Factory Workers,
831200,"Meat Boners and Slicers, and Slaughterers nfd",
831211,Meat Boner and Slicer,
831212,Slaughterer,
8312,"Meat Boners and Slicers, and Slaughterers",
831300,"Meat, Poultry and Seafood Process Workers nfd",
831311,Meat Process Worker,
831312,Poultry Process Worker,
831313,Seafood Process Worker,
8313,"Meat, Poultry and Seafood Process Workers",
832000,Packers and Product Assemblers nfd,
832100,Packers nfd,
832111,Chocolate Packer,
832112,Container Filler,
832113,Fruit and Vegetable Packer,
832114,Meat Packer,
832115,Seafood Packer,
832199,Packers nec,
8321,Packers,
832211,Product Assembler,
839000,Miscellaneous Factory Process Workers nfd,
839111,Metal Engineering Process Worker,
839200,Plastics and Rubber Factory Workers nfd,
839211,Plastics Factory Worker,
839212,Rubber Factory Worker,
8392,Plastics and Rubber Factory Workers,
839300,Product Quality Controllers nfd,
839311,Product Examiner,
839312,Product Grader,
839313,Product Tester,
8393,Product Quality Controllers,
839400,Timber and Wood Process Workers nfd,
839411,Paper and Pulp Mill Worker,
839412,Sawmill or Timber Yard Worker,
839413,Wood and Wood Products Factory Worker,
8394,Timber and Wood Process Workers,
839900,Other Factory Process Workers nfd,
839911,Cement and Concrete Plant Worker,
839912,Chemical Plant Worker,
839913,Clay Processing Factory Worker,
839914,Fabric and Textile Factory Worker,
839915,Footwear Factory Worker,
839916,Glass Processing Worker,
839917,Hide and Skin Processing Worker,
839918,Recycling Worker,
839999,Factory Process Workers nec,
8399,Other Factory Process Workers,
841000,"Farm, Forestry and Garden Workers nfd",
841111,Aquaculture Worker,
841200,Crop Farm Workers nfd,
841211,Fruit or Nut Farm Worker,
841212,Fruit or Nut Picker,
841213,"Grain, Oilseed or Pasture Farm Worker",
841214,Vegetable Farm Worker,
841215,Vegetable Picker,
841216,Vineyard Worker,
841217,Mushroom Picker,
841299,Crop Farm Workers nec,
8412,Crop Farm Workers,
841300,Forestry and Logging Workers nfd,
841311,Forestry Worker,
841312,Logging Assistant,
841313,Tree Faller,
8413,Forestry and Logging Workers,
841400,Garden and Nursery Labourers nfd,
841411,Garden Labourer,
841412,Horticultural Nursery Assistant,
8414,Garden and Nursery Labourers,
841500,Livestock Farm Workers nfd,
841511,Beef Cattle Farm Worker,
841512,Dairy Cattle Farm Worker,
841513,Mixed Livestock Farm Worker,
841514,Poultry Farm Worker,
841515,Sheep Farm Worker,
841516,Stablehand,
841517,Wool Handler,
841599,Livestock Farm Workers nec,
8415,Livestock Farm Workers,
841611,Mixed Crop and Livestock Farm Worker,
841900,"Other Farm, Forestry and Garden Workers nfd",
841911,Hunter-Trapper,
841913,Pest Controller,
841999,"Farm, Forestry and Garden Workers nec",
8419,"Other Farm, Forestry and Garden Workers",
851000,Food Preparation Assistants nfd,
851111,Fast Food Cook,
851200,Food Trades Assistants nfd,
851211,Pastrycook's Assistant,
851299,Food Trades Assistants nec,
8512,Food Trades Assistants,
851311,Kitchenhand,
890000,Other Labourers nfd,
891000,Freight Handlers and Shelf Fillers nfd,
891100,Freight and Furniture Handlers nfd,
891111,Freight Handler (Rail or Road),
891112,Truck Driver's Offsider,
891113,Waterside Worker,
8911,Freight and Furniture Handlers,
891211,Shelf Filler,
899000,Miscellaneous Labourers nfd,
899111,Caretaker,
899200,Deck and Fishing Hands nfd,
899211,Deck Hand,
899212,Fishing Hand,
8992,Deck and Fishing Hands,
899311,Handyperson,
899400,Motor Vehicle Parts and Accessories Fitters nfd,
899411,Motor Vehicle Parts and Accessories Fitter (General),
899412,Autoglazier,
899413,Exhaust and Muffler Repairer,
899414,Radiator Repairer,
899415,Tyre Fitter,
8994,Motor Vehicle Parts and Accessories Fitters,
899500,Printing Assistants and Table Workers nfd,
899511,Printer's Assistant,
899512,Printing Table Worker,
8995,Printing Assistants and Table Workers,
899611,Recycling or Rubbish Collector,
899711,Vending Machine Attendant,
899900,Other Miscellaneous Labourers nfd,
899911,Bicycle Mechanic,
899912,Car Park Attendant,
899913,Crossing Supervisor,
899914,Electrical or Telecommunications Trades Assistant,
899915,Leaflet or Newspaper Deliverer,
899916,Mechanic's Assistant,
899917,Railways Assistant,
899918,Sign Erector,
899921,Ticket Collector or Usher,
899922,Trolley Collector,
899923,Road Traffic Controller,
899999,Labourers nec,
8999,Other Miscellaneous Labourers,
99888,Inadequately described,
&&&&&&,Not stated,
,Total Employed,
1,Managers,
2,Professionals,
3,Technicians and Trades Workers,
4,Community and Personal Service Workers,
5,Clerical and Administrative Workers,
6,Sales Workers,
7,Machinery Operators and Drivers,
8,Labourers,
11,"Chief Executives, General Managers and Legislators",
12,Farmers and Farm Managers,
13,Specialist Managers,
14,"Hospitality, Retail and Service Managers",
21,Arts and Media Professionals,
22,"Business, Human Resource and Marketing Professionals",
23,"Design, Engineering, Science and Transport Professionals",
24,Education Professionals,
25,Health Professionals,
26,ICT Professionals,
27,"Legal, Social and Welfare Professionals",
31,"Engineering, ICT and Science Technicians",
32,Automotive and Engineering Trades Workers,
33,Construction Trades Workers,
34,Electrotechnology and Telecommunications Trades Workers,
35,Food Trades Workers,
36,Skilled Animal and Horticultural Workers,
39,Other Technicians and Trades Workers,
41,Health and Welfare Support Workers,
42,Carers and Aides,
43,Hospitality Workers,
44,Protective Service Workers,
45,Sports and Personal Service Workers,
51,Office Managers and Program Administrators,
52,Personal Assistants and Secretaries,
53,General Clerical Workers,
54,Inquiry Clerks and Receptionists,
55,Numerical Clerks,
56,Clerical and Office Support Workers,
59,Other Clerical and Administrative Workers,
61,Sales Representatives and Agents,
62,Sales Assistants and Salespersons,
63,Sales Support Workers,
71,Machine and Stationary Plant Operators,
72,Mobile Plant Operators,
73,Road and Rail Drivers,
74,Storepersons,
81,Cleaners and Laundry Workers,
82,Construction and Mining Labourers,
83,Factory Process Workers,
84,"Farm, Forestry and Garden Workers",
85,Food Preparation Assistants,
89,Other Labourers,
111,"Chief Executives, General Managers and Legislators",
121,Farmers and Farm Managers,
131,"Advertising, Public Relations and Sales Managers",
132,Business Administration Managers,
133,"Construction, Distribution and Production Managers",
134,"Education, Health and Welfare Services Managers",
135,ICT Managers,
139,Miscellaneous Specialist Managers,
141,Accommodation and Hospitality Managers,
142,Retail Managers,
149,"Miscellaneous Hospitality, Retail and Service Managers",
211,Arts Professionals,
212,Media Professionals,
221,"Accountants, Auditors and Company Secretaries",
222,"Financial Brokers and Dealers, and Investment Advisers",
223,Human Resource and Training Professionals,
224,Information and Organisation Professionals,
225,"Sales, Marketing and Public Relations Professionals",
231,Air and Marine Transport Professionals,
232,"Architects, Designers, Planners and Surveyors",
233,Engineering Professionals,
234,Natural and Physical Science Professionals,
241,School Teachers,
242,Tertiary Education Teachers,
249,Miscellaneous Education Professionals,
251,Health Diagnostic and Promotion Professionals,
252,Health Therapy Professionals,
253,Medical Practitioners,
254,Midwifery and Nursing Professionals,
261,"Business and Systems Analysts, and Programmers",
262,"Database and Systems Administrators, and ICT Security Specialists",
263,ICT Network and Support Professionals,
271,Legal Professionals,
272,Social and Welfare Professionals,
311,"Agricultural, Medical and Science Technicians",
312,Building and Engineering Technicians,
313,ICT and Telecommunications Technicians,
321,Automotive Electricians and Mechanics,
322,Fabrication Engineering Trades Workers,
323,Mechanical Engineering Trades Workers,
324,"Panelbeaters, and Vehicle Body Builders, Trimmers and Painters",
331,"Bricklayers, and Carpenters and Joiners",
332,Floor Finishers and Painting Trades Workers,
333,"Glaziers, Plasterers and Tilers",
334,Plumbers,
341,Electricians,
342,Electronics and Telecommunications Trades Workers,
351,Food Trades Workers,
361,"Animal Attendants and Trainers, and Shearers",
362,Horticultural Trades Workers,
391,Hairdressers,
392,Printing Trades Workers,
393,"Textile, Clothing and Footwear Trades Workers",
394,Wood Trades Workers,
399,Miscellaneous Technicians and Trades Workers,
411,Health and Welfare Support Workers,
421,Child Carers,
422,Education Aides,
423,Personal Carers and Assistants,
431,Hospitality Workers,
441,"Defence Force Members, Fire Fighters and Police",
442,Prison and Security Officers,
451,Personal Service and Travel Workers,
452,Sports and Fitness Workers,
511,"Contract, Program and Project Administrators",
512,Office and Practice Managers,
521,Personal Assistants and Secretaries,
531,General Clerks,
532,Keyboard Operators,
541,Call or Contact Centre Information Clerks,
542,Receptionists,
551,Accounting Clerks and Bookkeepers,
552,Financial and Insurance Clerks,
561,Clerical and Office Support Workers,
591,Logistics Clerks,
599,Miscellaneous Clerical and Administrative Workers,
611,Insurance Agents and Sales Representatives,
612,Real Estate Sales Agents,
621,Sales Assistants and Salespersons,
631,Checkout Operators and Office Cashiers,
639,Miscellaneous Sales Support Workers,
711,Machine Operators,
712,Stationary Plant Operators,
721,Mobile Plant Operators,
731,"Automobile, Bus and Rail Drivers",
732,Delivery Drivers,
733,Truck Drivers,
741,Storepersons,
811,Cleaners and Laundry Workers,
821,Construction and Mining Labourers,
831,Food Process Workers,
832,Packers and Product Assemblers,
839,Miscellaneous Factory Process Workers,
841,"Farm, Forestry and Garden Workers",
851,Food Preparation Assistants,
891,Freight Handlers and Shelf Fillers,
899,Miscellaneous Labourers,
1111,Chief Executives and Managing Directors,
1211,Aquaculture Farmers,
1214,Mixed Crop and Livestock Farmers,
1321,Corporate Services Managers,
1322,Finance Managers,
1323,Human Resource Managers,
1324,Policy and Planning Managers,
1325,Research and Development Managers,
1332,Engineering Managers,
1334,Manufacturers,
1341,Child Care Centre Managers,
1343,School Principals,
1392,Senior Non-commissioned Defence Force Members,
1411,Cafe and Restaurant Managers,
1412,Caravan Park and Camping Ground Managers,
1413,Hotel and Motel Managers,
1414,Licensed Club Managers,
1493,Conference and Event Organisers,
2113,Photographers,
2232,ICT Trainers,
2233,Training and Development Professionals,
2243,Economists,
2246,Librarians,
2253,Public Relations Professionals,
2325,Interior Designers,
2326,Urban and Regional Planners,
2333,Electrical Engineers,
2334,Electronics Engineers,
2346,Medical Laboratory Scientists,
2347,Veterinarians,
2411,Early Childhood (Pre-primary School) Teachers,
2412,Primary School Teachers,
2413,Middle School Teachers (Aus) \ Intermediate School Teachers (NZ),
2414,Secondary School Teachers,
2422,Vocational Education Teachers (Aus) \ Polytechnic Teachers (NZ),
2493,Teachers of English to Speakers of Other Languages,
2524,Occupational Therapists,
2525,Physiotherapists,
2526,Podiatrists,
2532,Anaesthetists,
2534,Psychiatrists,
2541,Midwives,
2543,Nurse Managers,
2711,Barristers,
2713,Solicitors,
2722,Ministers of Religion,
2725,Social Workers,
3111,Agricultural Technicians,
3126,Safety Inspectors,
3211,Automotive Electricians,
3222,Sheetmetal Trades Workers,
3241,Panelbeaters,
3243,Vehicle Painters,
3321,Floor Finishers,
3322,Painting Trades Workers,
3331,Glaziers,
3333,Roof Tilers,
3334,Wall and Floor Tilers,
3421,Airconditioning and Refrigeration Mechanics,
3512,Butchers and Smallgoods Makers,
3513,Chefs,
3514,Cooks,
3612,Shearers,
3613,Veterinary Nurses,
3621,Florists,
3623,Greenkeepers,
3624,Nurserypersons,
3911,Hairdressers,
3922,Graphic Pre-press Trades Workers,
3933,Upholsterers,
3941,Cabinetmakers,
3994,Jewellers,
3996,Signwriters,
4113,Diversional Therapists,
4115,Indigenous Health Workers,
4116,Massage Therapists,
4231,Aged and Disabled Carers,
4232,Dental Assistants,
4312,Cafe Workers,
4313,Gaming Workers,
4314,Hotel Service Managers,
4315,Waiters,
4411,Defence Force Members - Other Ranks,
4421,Prison Officers,
4511,Beauty Therapists,
4512,Driving Instructors,
4521,Fitness Instructors,
5121,Office Managers,
5211,Personal Assistants,
5311,General Clerks,
5412,Information Officers,
5512,Bookkeepers,
5513,Payroll Clerks,
5521,Bank Workers,
5522,Credit and Loans Officers (Aus) \ Finance Clerks (NZ),
5613,Filing and Registry Clerks,
5615,Survey Interviewers,
5616,Switchboard Operators,
5993,Debt Collectors,
5994,Human Resource Clerks,
5997,Library Assistants,
6112,Insurance Agents,
6211,Sales Assistants (General),
6212,ICT Sales Assistants,
6214,Pharmacy Sales Assistants,
6215,Retail Supervisors,
6216,Service Station Attendants,
6393,Telemarketers,
6395,Visual Merchandisers,
6399,Other Sales Support Workers,
7112,Industrial Spraypainters,
7114,Photographic Developers and Printers,
7116,Sewing Machinists,
7121,"Crane, Hoist and Lift Operators",
7123,Engineering Production Workers,
7213,Forklift Drivers,
7321,Delivery Drivers,
7411,Storepersons,
8111,Car Detailers,
8112,Commercial Cleaners,
8113,Domestic Cleaners,
8212,Concreters,
8213,Fencers,
8215,Paving and Surfacing Labourers,
8216,Railway Track Workers,
8322,Product Assemblers,
8391,Metal Engineering Process Workers,
8411,Aquaculture Workers,
8416,Mixed Crop and Livestock Farm Workers,
8511,Fast Food Cooks,
8513,Kitchenhands,
8912,Shelf Fillers,
8991,Caretakers,
8993,Handypersons,
8996,Recycling and Rubbish Collectors,
8997,Vending Machine Attendants,